age,education-num,hours-per-week,sex,race,baseline_pred,baseline_prob,fair_pred
35,13,40,1,1,0,1.0000000036274914e-15,0
35,13,40,0,1,0,1.0000000036274914e-15,0
45,16,50,1,1,0,1.0000000036274914e-15,0
45,16,50,0,1,0,1.0000000036274914e-15,0
30,9,35,1,0,0,1.0000000036274914e-15,0
30,9,35,0,0,0,1.0000000036274914e-15,0
